ApplicationID,InterviewTypeID,InterviewTimeFrom,InterviewTimeTo,InterviewLink
108,2,2023-04-26 14:24:32,2023-01-15 16:11:04,https://histats.com/primis/in/faucibus/orci/luctus/et/ultrices.json
115,2,2023-06-09 09:38:01,2023-05-03 01:39:52,https://live.com/nisi/at/nibh/in/hac/habitasse/platea.aspx
130,2,2023-02-19 06:47:33,2023-06-03 10:32:10,https://washingtonpost.com/pellentesque.jsp
142,2,2023-05-28 02:01:18,2023-11-03 19:50:04,http://nature.com/nisi/at/nibh/in/hac.aspx
143,2,2023-09-13 20:29:06,2023-06-27 20:14:28,https://ucsd.edu/massa/tempor/convallis.jsp
144,2,2023-10-22 14:08:59,2023-09-12 04:15:23,https://scientificamerican.com/cras/non/velit/nec.json
146,2,2023-10-18 22:42:15,2023-02-20 06:05:39,http://microsoft.com/in.aspx
19,2,2023-04-03 19:05:36,2023-08-16 04:22:14,https://bbb.org/rutrum/at/lorem.json
205,2,2023-01-05 11:49:22,2023-08-06 01:20:02,https://cpanel.net/morbi/sem/mauris.jpg
206,2,2023-03-28 11:50:52,2023-10-13 04:48:16,http://linkedin.com/eget/eros.png
214,2,2023-08-24 10:04:41,2023-10-07 07:51:02,http://usda.gov/semper/sapien/a/libero/nam.png
242,2,2023-04-29 08:35:36,2023-03-21 03:11:22,http://ca.gov/morbi.html
253,2,2023-05-10 21:09:14,2023-05-12 07:51:17,http://unc.edu/porta/volutpat/erat/quisque/erat/eros.json
259,2,2023-06-04 03:44:29,2023-09-02 04:28:02,http://sun.com/nunc/commodo/placerat/praesent/blandit/nam.html
262,2,2023-07-10 00:33:02,2023-09-01 17:37:45,https://patch.com/sed/interdum/venenatis/turpis/enim.png
265,2,2023-02-16 00:57:24,2022-12-09 03:32:09,http://ihg.com/dui/vel/sem/sed/sagittis/nam.png
270,2,2023-08-22 04:48:21,2023-05-23 17:24:34,https://xinhuanet.com/malesuada/in/imperdiet/et/commodo/vulputate.png
284,2,2023-05-21 15:38:43,2023-09-08 06:36:38,https://flickr.com/justo/maecenas.aspx
312,2,2022-12-26 02:09:38,2023-02-11 07:25:13,http://ihg.com/augue/vestibulum/ante.html
314,2,2023-09-30 09:56:39,2023-05-10 03:08:28,http://mozilla.org/nunc.png
316,2,2022-11-16 11:29:11,2023-01-08 14:13:16,http://51.la/nunc.jpg
322,2,2023-09-02 22:04:55,2023-02-19 02:01:56,http://time.com/massa/tempor.jpg
33,2,2023-04-06 23:10:56,2023-07-25 08:04:20,https://gizmodo.com/integer/aliquet/massa.aspx
332,2,2023-09-01 17:36:57,2023-04-18 13:12:17,http://creativecommons.org/sapien/quis.xml
335,2,2023-03-11 01:38:12,2023-02-23 23:03:45,http://1688.com/rutrum/ac/lobortis/vel/dapibus/at.js
339,2,2022-12-02 18:40:02,2023-06-07 02:23:49,https://jiathis.com/sem/mauris.jsp
350,2,2023-11-08 05:38:08,2023-10-09 18:58:24,http://accuweather.com/id/pretium.xml
372,2,2023-02-07 19:26:16,2023-11-01 11:29:50,http://dmoz.org/morbi/odio.html
375,2,2023-08-11 18:05:24,2023-08-19 13:44:41,http://webnode.com/primis/in/faucibus.jsp
384,2,2022-12-31 18:42:24,2023-06-13 21:13:06,http://stanford.edu/porttitor/id.jpg
388,2,2023-08-04 02:44:49,2023-04-16 01:39:37,https://ucoz.com/eros/suspendisse.jsp
402,2,2023-07-23 12:33:00,2022-12-28 00:06:04,https://chicagotribune.com/turpis/donec/posuere/metus/vitae/ipsum.jsp
403,2,2023-05-01 23:02:20,2023-08-14 10:22:51,https://about.com/pede/lobortis.xml
426,2,2022-12-19 01:36:06,2023-02-14 11:21:25,http://yelp.com/lacus/morbi.js
443,2,2023-02-13 08:57:03,2023-02-24 00:18:00,https://weibo.com/ornare.html
449,2,2023-09-15 02:39:21,2023-03-30 08:28:37,http://bigcartel.com/tortor/duis/mattis/egestas/metus.aspx
462,2,2023-03-22 22:18:02,2022-12-28 07:45:18,https://google.it/phasellus/sit/amet/erat/nulla/tempus/vivamus.js
49,2,2022-12-25 18:58:12,2023-07-20 03:41:02,http://quantcast.com/duis/at/velit/eu/est/congue/elementum.png
50,2,2023-03-18 16:55:26,2022-12-27 06:29:55,https://storify.com/nisl/nunc/rhoncus.html
500,2,2023-06-28 09:23:05,2023-01-17 15:05:41,http://discovery.com/ut/massa/volutpat/convallis/morbi/odio/odio.jsp
501,2,2022-12-26 18:31:26,2023-07-31 18:16:09,https://friendfeed.com/et/magnis.js
509,2,2023-09-21 19:22:06,2023-10-13 05:34:27,https://twitter.com/augue/luctus/tincidunt/nulla.json
512,2,2023-09-30 22:29:05,2023-07-31 15:09:18,http://prweb.com/elementum/in/hac/habitasse/platea.jpg
521,2,2023-03-25 06:54:57,2023-04-17 12:18:32,http://adobe.com/odio/donec/vitae.json
523,2,2023-08-21 07:16:23,2023-04-03 01:37:33,http://sohu.com/condimentum/curabitur/in/libero/ut/massa/volutpat.js
526,2,2023-10-10 22:26:29,2023-05-20 11:48:25,http://altervista.org/blandit/mi.jsp
533,2,2023-02-20 18:21:08,2023-04-05 12:37:31,http://yandex.ru/etiam/faucibus/cursus/urna/ut.aspx
567,2,2022-11-23 13:21:24,2023-01-20 01:01:16,http://kickstarter.com/amet/consectetuer/adipiscing/elit/proin/risus/praesent.png
57,2,2023-09-27 03:33:29,2023-04-26 23:33:15,https://typepad.com/quam/a/odio/in/hac/habitasse.json
574,2,2023-05-03 12:52:14,2023-02-01 11:26:41,https://economist.com/dui/vel/nisl.aspx
587,2,2022-12-11 03:31:18,2023-10-30 15:57:44,http://tripadvisor.com/in/hac/habitasse/platea.xml
592,2,2023-05-22 11:39:26,2023-08-05 08:07:34,https://biblegateway.com/suscipit/ligula/in/lacus/curabitur/at.js
599,2,2023-07-31 11:37:08,2023-06-16 06:30:39,http://dagondesign.com/a/odio/in/hac/habitasse/platea/dictumst.xml
613,2,2023-07-27 14:57:44,2023-01-02 07:17:13,https://eventbrite.com/tortor/duis/mattis/egestas/metus.xml
620,2,2023-03-08 19:12:24,2023-10-13 22:33:02,http://a8.net/sapien.html
628,2,2022-12-22 10:08:35,2023-03-21 10:28:18,http://amazon.com/turpis/adipiscing/lorem/vitae/mattis/nibh/ligula.jsp
630,2,2022-12-01 05:21:23,2023-10-08 16:34:09,http://fda.gov/quam.xml
633,2,2022-12-30 09:24:17,2023-08-09 15:09:01,https://meetup.com/justo/nec/condimentum/neque/sapien.png
643,2,2023-07-24 01:33:40,2023-04-26 17:06:01,http://networksolutions.com/orci/pede/venenatis.json
657,2,2022-11-29 03:18:02,2023-10-10 11:09:52,https://bloglines.com/id/ligula/suspendisse/ornare/consequat/lectus.jsp
676,2,2023-01-31 16:00:19,2023-07-08 07:31:12,https://epa.gov/lobortis/est/phasellus.jsp
689,2,2023-05-27 17:49:37,2023-06-21 00:01:02,https://ox.ac.uk/ullamcorper/purus/sit/amet.json
709,2,2023-08-30 19:58:27,2023-03-01 07:59:29,https://accuweather.com/duis/bibendum/felis/sed.html
715,2,2023-02-14 13:37:24,2023-03-08 21:35:30,https://slashdot.org/iaculis/congue/vivamus/metus/arcu/adipiscing.js
73,2,2023-07-18 10:59:07,2023-02-27 07:35:07,https://goodreads.com/dolor/vel/est/donec.js
731,2,2023-02-01 11:10:08,2023-05-03 08:11:25,https://hubpages.com/orci/eget/orci/vehicula.jpg
736,2,2023-08-30 16:12:42,2022-12-25 01:22:25,https://creativecommons.org/massa/id/nisl/venenatis/lacinia/aenean.xml
769,2,2023-07-24 04:43:19,2023-01-31 12:01:34,http://t.co/amet/eleifend/pede.xml
771,2,2022-11-21 12:05:56,2023-08-03 09:37:47,http://bandcamp.com/tempus/vel/pede/morbi/porttitor/lorem/id.xml
776,2,2022-12-01 18:07:05,2023-11-01 04:30:32,https://ed.gov/tristique/fusce/congue/diam/id/ornare.json
792,2,2023-11-08 01:49:38,2023-11-06 01:52:52,http://free.fr/ornare.xml
80,2,2023-03-06 03:46:53,2022-12-20 06:20:06,http://jimdo.com/pretium/iaculis/justo/in/hac/habitasse/platea.html
81,2,2023-05-24 15:28:20,2023-02-21 11:37:38,http://hc360.com/quisque/id/justo/sit/amet.aspx
811,2,2023-08-25 22:32:50,2023-07-31 06:17:27,https://jiathis.com/leo.aspx
832,2,2023-04-15 11:57:55,2022-12-21 10:09:22,http://businessinsider.com/diam/in/magna/bibendum.xml
835,2,2023-09-16 05:34:28,2023-04-04 23:06:14,http://netscape.com/amet/turpis/elementum/ligula/vehicula/consequat/morbi.xml
845,2,2023-07-08 22:35:27,2023-07-11 18:05:15,https://g.co/ultrices/phasellus/id/sapien/in.js
851,2,2022-11-16 17:17:22,2023-09-16 09:09:35,http://sogou.com/ligula/nec/sem/duis.js
865,2,2023-07-13 19:07:32,2023-07-12 05:02:34,http://salon.com/adipiscing/molestie/hendrerit/at/vulputate/vitae.jpg
87,2,2023-07-04 23:17:59,2023-04-27 10:43:11,https://hubpages.com/ridiculus/mus.xml
884,2,2023-03-24 12:22:44,2023-09-15 17:26:24,https://meetup.com/lobortis/vel/dapibus/at/diam.png
886,2,2022-12-21 14:33:21,2023-03-18 02:24:43,http://weebly.com/quisque/arcu/libero/rutrum.png
890,2,2023-11-06 07:31:03,2022-11-14 09:32:53,https://utexas.edu/hac/habitasse/platea/dictumst.json
894,2,2023-01-24 03:23:44,2023-10-18 04:57:59,https://reddit.com/curabitur/in/libero/ut.js
906,2,2023-08-18 14:01:05,2023-09-23 15:54:02,http://blog.com/bibendum.jsp
910,2,2022-12-14 05:15:51,2023-06-10 02:42:03,http://arizona.edu/augue/vestibulum/ante/ipsum/primis/in/faucibus.png
923,2,2023-05-20 17:08:31,2023-10-08 07:11:07,https://furl.net/consequat/ut/nulla.html
932,2,2023-06-19 12:56:21,2023-02-19 15:00:14,https://google.co.uk/nibh/in/quis/justo/maecenas/rhoncus/aliquam.xml
939,2,2022-11-22 16:39:28,2023-05-11 20:01:57,http://psu.edu/varius/ut/blandit/non.jsp
957,2,2023-01-25 15:50:19,2023-08-18 18:51:29,http://newsvine.com/aliquet/maecenas/leo/odio/condimentum/id.png
979,2,2022-12-22 16:06:10,2023-04-17 01:03:27,http://netvibes.com/nec/molestie/sed/justo.json
999,2,2023-04-07 03:41:19,2023-05-28 00:17:30,http://pen.io/dolor/quis/odio/consequat/varius/integer.xml